id,skill_type,skill_id,description,created_at,updated_at
8,PassiveSkill,2001090,バトル開始から6ターン目以降&HP50%以下のときポタラで合体する,2024-07-17 02:10:07,2024-07-17 02:10:07
9,PassiveSkill,2001091,バトル開始から6ターン目以降&HP50%以下のときポタラで合体する,2024-07-17 02:10:07,2024-07-17 02:10:07
10,PassiveSkill,2001095,バトル開始から6ターン目以降&HP50%以下のときフュージョンする,2024-07-17 02:10:07,2024-07-17 02:10:07
11,PassiveSkill,2001096,バトル開始から6ターン目以降&HP50%以下のときフュージョンする,2024-07-17 02:10:07,2024-07-17 02:10:07
16,PassiveSkill,1001126,HP50%以下のとき覚醒する,2024-07-17 02:10:07,2024-07-17 02:10:07
17,PassiveSkill,1001127,HP50%以下のとき覚醒する,2024-07-17 02:10:07,2024-07-17 02:10:07
18,PassiveSkill,3001133,HP80%以下のとき25%の確率で、3ターン神精樹の実で強化する,2024-07-17 02:10:07,2024-07-17 02:10:07
19,PassiveSkill,3001134,HP80%以下のとき25%の確率で、3ターン神精樹の実で強化する,2024-07-17 02:10:07,2024-07-17 02:10:07
20,PassiveSkill,3001154,バトル開始から4ターン目以降&30%の確率で進化する,2024-07-17 02:10:07,2024-07-17 02:10:07
21,PassiveSkill,3001155,バトル開始から4ターン目以降&30%の確率で進化する,2024-07-17 02:10:07,2024-07-17 02:10:07
22,PassiveSkill,3001226,"バトル開始から4ターン目以降
&HP50%以上のとき30%の確率でセルを捕食し変身する",2024-07-17 02:10:07,2024-07-17 02:10:07
23,PassiveSkill,3001227,"バトル開始から4ターン目以降
&HP50%以上のとき30%の確率でセルを捕食し変身する",2024-07-17 02:10:07,2024-07-17 02:10:07
24,PassiveSkill,3001254,バトル開始から5ターン目以降ネイルと同化する,2024-07-17 02:10:07,2024-07-17 02:10:07
25,PassiveSkill,3001255,バトル開始から5ターン目以降ネイルと同化する,2024-07-17 02:10:07,2024-07-17 02:10:07
27,PassiveSkill,3001257,バトル開始から5ターン目以降ネイルと同化する,2024-07-17 02:10:07,2024-07-17 02:10:07
29,PassiveSkill,3001259,バトル開始から5ターン目以降ネイルと同化する,2024-07-17 02:10:07,2024-07-17 02:10:07
30,PassiveSkill,2001264,バトル開始から3ターン目以降変身する,2024-07-17 02:10:07,2024-07-17 02:10:07
31,PassiveSkill,2001265,バトル開始から3ターン目以降変身する,2024-07-17 02:10:07,2024-07-17 02:10:07
32,PassiveSkill,2001266,次の攻撃参加ターンになるとさらに変身する,2024-07-17 02:10:07,2024-07-17 02:10:07
33,PassiveSkill,2001267,次の攻撃参加ターンになるとさらに変身する,2024-07-17 02:10:07,2024-07-17 02:10:07
34,PassiveSkill,2001268,次の攻撃参加ターンになるとさらに変身する,2024-07-17 02:10:07,2024-07-17 02:10:07
35,PassiveSkill,2001269,次の攻撃参加ターンになるとさらに変身する,2024-07-17 02:10:07,2024-07-17 02:10:07
36,PassiveSkill,2001270,次の攻撃参加ターンになるとさらに変身する,2024-07-17 02:10:07,2024-07-17 02:10:07
37,PassiveSkill,2001271,次の攻撃参加ターンになるとさらに変身する,2024-07-17 02:10:07,2024-07-17 02:10:07
38,PassiveSkill,2001274,バトル開始から3ターン目以降変身する,2024-07-17 02:10:07,2024-07-17 02:10:07
39,PassiveSkill,2001275,バトル開始から3ターン目以降変身する,2024-07-17 02:10:07,2024-07-17 02:10:07
40,PassiveSkill,2001276,次の攻撃参加ターンになるとさらに変身する,2024-07-17 02:10:07,2024-07-17 02:10:07
41,PassiveSkill,2001277,次の攻撃参加ターンになるとさらに変身する,2024-07-17 02:10:07,2024-07-17 02:10:07
42,PassiveSkill,2001278,次の攻撃参加ターンになるとさらに変身する,2024-07-17 02:10:07,2024-07-17 02:10:07
43,PassiveSkill,2001279,次の攻撃参加ターンになるとさらに変身する,2024-07-17 02:10:07,2024-07-17 02:10:07
44,PassiveSkill,2001280,次の攻撃参加ターンになるとさらに変身する,2024-07-17 02:10:07,2024-07-17 02:10:07
45,PassiveSkill,2001281,次の攻撃参加ターンになるとさらに変身する,2024-07-17 02:10:07,2024-07-17 02:10:07
46,PassiveSkill,1001296,"バトル開始から5ターン目以降
&HP80~100%のとき
アルティメット孫悟飯を吸収する",2024-07-17 02:10:07,2024-07-17 02:10:07
47,PassiveSkill,2001296,"バトル開始から5ターン目以降
&HP50~79%のとき
超サイヤ人3ゴテンクスを吸収する",2024-07-17 02:10:07,2024-07-17 02:10:07
48,PassiveSkill,3001296,"バトル開始から5ターン目以降
&HP49%以下のときピッコロを吸収する",2024-07-17 02:10:07,2024-07-17 02:10:07
49,PassiveSkill,1001297,"バトル開始から5ターン目以降
&HP80~100%のとき
アルティメット孫悟飯を吸収する",2024-07-17 02:10:07,2024-07-17 02:10:07
50,PassiveSkill,2001297,"バトル開始から5ターン目以降
&HP50~79%のとき
超サイヤ人3ゴテンクスを吸収する",2024-07-17 02:10:07,2024-07-17 02:10:07
51,PassiveSkill,3001297,"バトル開始から5ターン目以降
&HP49%以下のときピッコロを吸収する",2024-07-17 02:10:07,2024-07-17 02:10:07
52,PassiveSkill,2001354,"バトル開始から6ターン目以降
&HP80%以上のとき変身する",2024-07-17 02:10:07,2024-07-17 02:10:07
53,PassiveSkill,2001355,"バトル開始から6ターン目以降
&HP80%以上のとき変身する",2024-07-17 02:10:07,2024-07-17 02:10:07
54,PassiveSkill,3001390,バトル開始から5ターン目以降変身する,2024-07-17 02:10:07,2024-07-17 02:10:07
55,PassiveSkill,3001391,バトル開始から5ターン目以降変身する,2024-07-17 02:10:07,2024-07-17 02:10:07
56,PassiveSkill,2001398,"バトル開始から4ターン目以降
フルパワー状態に変身する",2024-07-17 02:10:07,2024-07-17 02:10:07
57,PassiveSkill,2001399,"バトル開始から4ターン目以降
フルパワー状態に変身する",2024-07-17 02:10:07,2024-07-17 02:10:07
58,PassiveSkill,6001434,HP40％以下のときミスター・ブウと合体する,2024-07-17 02:10:07,2024-07-17 02:10:07
59,PassiveSkill,6001435,HP40％以下のときミスター・ブウと合体する,2024-07-17 02:10:07,2024-07-17 02:10:07
60,PassiveSkill,2001453,バトル開始から3ターン目以降変身する,2024-07-17 02:10:07,2024-07-17 02:10:07
61,PassiveSkill,2001454,バトル開始から3ターン目以降変身する,2024-07-17 02:10:07,2024-07-17 02:10:07
62,PassiveSkill,2001455,次の攻撃参加ターンになるとさらに変身する,2024-07-17 02:10:07,2024-07-17 02:10:07
63,PassiveSkill,2001456,次の攻撃参加ターンになるとさらに変身する,2024-07-17 02:10:07,2024-07-17 02:10:07
64,PassiveSkill,2001457,次の攻撃参加ターンになるとさらに変身する,2024-07-17 02:10:07,2024-07-17 02:10:07
65,PassiveSkill,2001458,次の攻撃参加ターンになるとさらに変身する,2024-07-17 02:10:07,2024-07-17 02:10:07
66,PassiveSkill,2001459,次の攻撃参加ターンになるとさらに変身する,2024-07-17 02:10:07,2024-07-17 02:10:07
67,PassiveSkill,2001460,次の攻撃参加ターンになるとさらに変身する,2024-07-17 02:10:07,2024-07-17 02:10:07
68,PassiveSkill,3001496,バトル開始から4ターン目以降変身する,2024-07-17 02:10:07,2024-07-17 02:10:07
69,PassiveSkill,3001497,バトル開始から4ターン目以降変身する,2024-07-17 02:10:07,2024-07-17 02:10:07
70,PassiveSkill,1001506,バトル開始から3ターン目以降変身する,2024-07-17 02:10:07,2024-07-17 02:10:07
71,PassiveSkill,1001507,バトル開始から3ターン目以降変身する,2024-07-17 02:10:07,2024-07-17 02:10:07
72,PassiveSkill,3001511,バトル開始から3ターン目以降ポタラで合体する,2024-07-17 02:10:07,2024-07-17 02:10:07
73,PassiveSkill,3001512,バトル開始から3ターン目以降ポタラで合体する,2024-07-17 02:10:07,2024-07-17 02:10:07
74,ActiveSkill,15,次の攻撃参加ターンから発動可能(1回のみ),2024-07-17 02:10:07,2024-07-17 02:10:07
75,ActiveSkill,16,次の攻撃参加ターンから発動可能(1回のみ),2024-07-17 02:10:07,2024-07-17 02:10:07
76,ActiveSkill,17,次の攻撃参加ターンから発動可能(1回のみ),2024-07-17 02:10:07,2024-07-17 02:10:07
77,ActiveSkill,18,次の攻撃参加ターンから発動可能(1回のみ),2024-07-17 02:10:07,2024-07-17 02:10:07
78,PassiveSkill,3001532,"バトル開始から3ターン目以降
&HP70%以下のとき変身する",2024-07-17 02:10:07,2024-07-17 02:10:07
79,PassiveSkill,3001533,"バトル開始から3ターン目以降
&HP70%以下のとき変身する",2024-07-17 02:10:07,2024-07-17 02:10:07
80,PassiveSkill,5001547,"バトル開始から5ターン目以降
アムズ(第三形態)と融合する",2024-07-17 02:10:07,2024-07-17 02:10:07
81,PassiveSkill,5001548,"バトル開始から5ターン目以降
アムズ(第三形態)と融合する",2024-07-17 02:10:07,2024-07-17 02:10:07
82,ActiveSkill,23,"HP58%以下のとき
チームに「人造人間16号」がいれば発動可能、
またはバトル開始から5ターン目以降、
HP58%以下のときチームか敵に「人造人間」
カテゴリのキャラクターがいれば発動可能
(1回のみ)",2024-07-17 02:10:07,2024-07-17 02:10:07
83,ActiveSkill,24,"HP58%以下のとき
チームに「人造人間16号」がいれば発動可能、
またはバトル開始から5ターン目以降、
HP58%以下のときチームか敵に「人造人間」
カテゴリのキャラクターがいれば発動可能
(1回のみ)",2024-07-17 02:10:07,2024-07-17 02:10:07
84,PassiveSkill,16001672,HP30%以下のとき進化する,2024-07-17 02:10:07,2024-07-17 02:10:07
85,PassiveSkill,16001673,HP30%以下のとき進化する,2024-07-17 02:10:07,2024-07-17 02:10:07
86,ActiveSkill,25,"バトル開始から4ターン目以降、
HP70%以上の時に自身の他に
チームに「ナメック星人」カテゴリの
味方がいれば発動可能(1回のみ)",2024-07-17 02:10:07,2024-07-17 02:10:07
87,ActiveSkill,26,"バトル開始から4ターン目以降、
HP70%以上の時に自身の他に
チームに「ナメック星人」カテゴリの
味方がいれば発動可能(1回のみ)",2024-07-17 02:10:07,2024-07-17 02:10:07
88,ActiveSkill,27,"バトル開始から3ターン目以降発動可能
(1回のみ)",2024-07-17 02:10:07,2024-07-17 02:10:07
89,ActiveSkill,28,"バトル開始から3ターン目以降発動可能
(1回のみ)",2024-07-17 02:10:07,2024-07-17 02:10:07
90,ActiveSkill,29,"バトル開始から3ターン目以降発動可能
(1回のみ)",2024-07-17 02:10:07,2024-07-17 02:10:07
91,ActiveSkill,30,"バトル開始から3ターン目以降発動可能
(1回のみ)",2024-07-17 02:10:07,2024-07-17 02:10:07
92,PassiveSkill,1609,攻撃参加ターンになると変身する,2024-07-17 02:10:07,2024-07-17 02:10:07
93,PassiveSkill,1610,攻撃参加ターンになると変身する,2024-07-17 02:10:07,2024-07-17 02:10:07
94,ActiveSkill,31,"HP66%以下のとき
チームに自身の他に「人造人間」カテゴリの
味方が2体以上いれば発動可能、
または名称に「セル」を含むキャラクター
(セルジュニア等を除く)が敵にいるとき
いつでも発動可能(1回のみ)",2024-07-17 02:10:07,2024-07-17 02:10:07
95,ActiveSkill,32,"HP66%以下のとき
チームに自身の他に「人造人間」カテゴリの
味方が2体以上いれば発動可能、
または名称に「セル」を含むキャラクター
(セルジュニア等を除く)が敵にいるとき
いつでも発動可能(1回のみ)",2024-07-17 02:10:07,2024-07-17 02:10:07
96,PassiveSkill,4001905,"バトル開始から4ターン目以降、
HP58%以上の時に
名称に「トランクス」を含むキャラクター
(幼年期、GTを除く)がチームにいれば変身する",2024-07-17 02:10:07,2024-07-17 02:10:07
97,PassiveSkill,4001906,"バトル開始から4ターン目以降、
HP58%以上の時に
名称に「トランクス」を含むキャラクター
(幼年期、GTを除く)がチームにいれば変身する",2024-07-17 02:10:07,2024-07-17 02:10:07
98,ActiveSkill,33,"バトル開始から3ターン目以降、
敵に「純粋サイヤ人」か「混血サイヤ人」が
いれば発動可能、
またはバトル開始から6ターン目以降、
敵が1体の時に発動可能(1回のみ)",2024-07-17 02:10:07,2024-07-17 02:10:07
99,ActiveSkill,34,"バトル開始から3ターン目以降、
敵に「純粋サイヤ人」か「混血サイヤ人」が
いれば発動可能、
またはバトル開始から6ターン目以降、
敵が1体の時に発動可能(1回のみ)",2024-07-17 02:10:07,2024-07-17 02:10:07
100,PassiveSkill,4001963,"バトル開始から5ターン目以降、チームに自身の他に
「人造人間」カテゴリの味方が2体以上いれば
人造人間14号と15号のパーツを吸収し変身する",2024-07-17 02:10:07,2024-07-17 02:10:07
101,PassiveSkill,4001964,"バトル開始から5ターン目以降、チームに自身の他に
「人造人間」カテゴリの味方が2体以上いれば
人造人間14号と15号のパーツを吸収し変身する",2024-07-17 02:10:07,2024-07-17 02:10:07
102,PassiveSkill,4001986,"バトル開始から3ターン目以降、
敵が1体で敵のHP80%以上のとき変身する",2024-07-17 02:10:07,2024-07-17 02:10:07
103,PassiveSkill,4001987,"バトル開始から3ターン目以降、
敵が1体で敵のHP80%以上のとき変身する",2024-07-17 02:10:07,2024-07-17 02:10:07
104,PassiveSkill,4001990,"バトル開始から3ターン目以降、
敵が1体で敵のHP80%以上のとき
バビディの魔術で強化される",2024-07-17 02:10:07,2024-07-17 02:10:07
105,PassiveSkill,4001991,"バトル開始から3ターン目以降、
敵が1体で敵のHP80%以上のとき
バビディの魔術で強化される",2024-07-17 02:10:07,2024-07-17 02:10:07
106,PassiveSkill,1998,攻撃参加ターンになると変身する,2024-07-17 02:10:07,2024-07-17 02:10:07
107,PassiveSkill,1999,攻撃参加ターンになると変身する,2024-07-17 02:10:07,2024-07-17 02:10:07
108,PassiveSkill,4002025,バトル開始から4ターン目以降変身する,2024-07-17 02:10:07,2024-07-17 02:10:07
109,PassiveSkill,4002026,バトル開始から4ターン目以降変身する,2024-07-17 02:10:07,2024-07-17 02:10:07
110,PassiveSkill,4002020,バトル開始から4ターン目以降変身する,2024-07-17 02:10:07,2024-07-17 02:10:07
111,PassiveSkill,4002021,バトル開始から4ターン目以降変身する,2024-07-17 02:10:07,2024-07-17 02:10:07
112,ActiveSkill,43,"バトル開始から4ターン目以降発動可能、
または「最凶の一族」カテゴリの敵がいるとき
いつでも発動可能(1回のみ)",2024-07-17 02:10:07,2024-07-17 02:10:07
113,ActiveSkill,44,"バトル開始から4ターン目以降発動可能、
または「最凶の一族」カテゴリの敵がいるとき
いつでも発動可能(1回のみ)",2024-07-17 02:10:07,2024-07-17 02:10:07
114,PassiveSkill,3002076,"バトル開始から7ターン目以降、
または「少年編」か「天下一武道会」か
「ドラゴンボールを求めし者」カテゴリの
敵がいるときドラゴンボールの力で若返る",2024-07-17 02:10:07,2024-07-17 02:10:07
115,PassiveSkill,3002077,"バトル開始から7ターン目以降、
または「少年編」か「天下一武道会」か
「ドラゴンボールを求めし者」カテゴリの
敵がいるときドラゴンボールの力で若返る",2024-07-17 02:10:07,2024-07-17 02:10:07
116,ActiveSkill,48,"バトル開始から3ターン目以降発動可能
(1回のみ)",2024-07-17 02:10:07,2024-07-17 02:10:07
117,ActiveSkill,49,"バトル開始から3ターン目以降発動可能
(1回のみ)",2024-07-17 02:10:07,2024-07-17 02:10:07
118,PassiveSkill,10002094,"バトル開始から4ターン目以降、
HP50%以下のときベジータと交代する",2024-07-17 02:10:07,2024-07-17 02:10:07
119,PassiveSkill,10002095,"バトル開始から4ターン目以降、
HP50%以下のときベジータと交代する",2024-07-17 02:10:07,2024-07-17 02:10:07
120,PassiveSkill,2002100,バトル開始から3ターン目以降変身する,2024-07-17 02:10:07,2024-07-17 02:10:07
121,PassiveSkill,2002101,バトル開始から3ターン目以降変身する,2024-07-17 02:10:07,2024-07-17 02:10:07
122,ActiveSkill,52,"変身後4ターン目以降、
HP70%以上のとき発動可能(1回のみ)",2024-07-17 02:10:07,2024-07-17 02:10:07
123,ActiveSkill,53,"変身後4ターン目以降、
HP70%以上のとき発動可能(1回のみ)",2024-07-17 02:10:07,2024-07-17 02:10:07
124,PassiveSkill,3002105,"バトル開始から3ターン目以降
魔人ブウ(純粋悪)に交代する",2024-07-17 02:10:07,2024-07-17 02:10:07
125,PassiveSkill,3002106,"バトル開始から3ターン目以降
魔人ブウ(純粋悪)に交代する",2024-07-17 02:10:07,2024-07-17 02:10:07
126,ActiveSkill,54,"交代後4ターン目以降、
HP70%以上のとき発動可能(1回のみ)",2024-07-17 02:10:07,2024-07-17 02:10:07
127,ActiveSkill,55,"交代後4ターン目以降、
HP70%以上のとき発動可能(1回のみ)",2024-07-17 02:10:07,2024-07-17 02:10:07
128,PassiveSkill,4002126,バトル開始から3ターン目以降変身する,2024-07-17 02:10:07,2024-07-17 02:10:07
129,PassiveSkill,4002127,バトル開始から3ターン目以降変身する,2024-07-17 02:10:07,2024-07-17 02:10:07
130,PassiveSkill,4002128,次の攻撃参加ターン以降、HP60%以上のとき変身する,2024-07-17 02:10:07,2024-07-17 02:10:07
131,PassiveSkill,4002129,次の攻撃参加ターン以降、HP60%以上のとき変身する,2024-07-17 02:10:07,2024-07-17 02:10:07
132,ActiveSkill,64,"バトル開始から4ターン目以降、
HP77%以下のとき発動可能(1回のみ)",2024-07-17 02:10:07,2024-07-17 02:10:07
133,ActiveSkill,65,"バトル開始から4ターン目以降、
HP77%以下のとき発動可能(1回のみ)",2024-07-17 02:10:07,2024-07-17 02:10:07
134,ActiveSkill,66,"バトル開始から4ターン目以降、
HP50%以上で発動可能(1回のみ)",2024-07-17 02:10:07,2024-07-17 02:10:07
135,ActiveSkill,67,"バトル開始から4ターン目以降、
HP50%以上で発動可能(1回のみ)",2024-07-17 02:10:07,2024-07-17 02:10:07
136,PassiveSkill,2002229,"バトル開始から3ターン目以降、
HP80%以下のとき変身を解除する",2024-07-17 02:10:07,2024-07-17 02:10:07
137,PassiveSkill,2002230,"バトル開始から3ターン目以降、
HP80%以下のとき変身を解除する",2024-07-17 02:10:07,2024-07-17 02:10:07
138,PassiveSkill,4002233,"バトル中5回以上ダメージを受けると
次の攻撃参加ターンに魔人ブウ(善)に交代する",2024-07-17 02:10:07,2024-07-17 02:10:07
139,PassiveSkill,4002234,"バトル中5回以上ダメージを受けると
次の攻撃参加ターンに魔人ブウ(善)に交代する",2024-07-17 02:10:07,2024-07-17 02:10:07
140,ActiveSkill,70,"バトル開始から5ターン目以降発動可能
(1回のみ)",2024-07-17 02:10:07,2024-07-17 02:10:07
141,ActiveSkill,71,"バトル開始から5ターン目以降発動可能
(1回のみ)",2024-07-17 02:10:07,2024-07-17 02:10:07
142,ActiveSkill,72,"攻撃参加ターンになると発動可能
(1回のみ)",2024-07-17 02:10:07,2024-07-17 02:10:07
143,ActiveSkill,73,"攻撃参加ターンになると発動可能
(1回のみ)",2024-07-17 02:10:07,2024-07-17 02:10:07
144,ActiveSkill,68,"バトル開始から3ターン目以降、
敵が1体の時に敵のHP58%以上で発動可能
(1回のみ)",2024-07-17 02:10:07,2024-07-17 02:10:07
145,ActiveSkill,69,"バトル開始から3ターン目以降、
敵が1体の時に敵のHP58%以上で発動可能
(1回のみ)",2024-07-17 02:10:07,2024-07-17 02:10:07
146,PassiveSkill,2237,攻撃参加ターンになると変身する,2024-07-17 02:10:07,2024-07-17 02:10:07
147,PassiveSkill,2238,攻撃参加ターンになると変身する,2024-07-17 02:10:07,2024-07-17 02:10:07
148,PassiveSkill,2002217,"バトル開始から3ターン目以降、
HP80%以下のとき変身を解除する",2024-07-17 02:10:07,2024-07-17 02:10:07
149,PassiveSkill,2002218,"バトル開始から3ターン目以降、
HP80%以下のとき変身を解除する",2024-07-17 02:10:07,2024-07-17 02:10:07
150,PassiveSkill,4002221,"バトル中5回以上ダメージを受けると
次の攻撃参加ターンに魔人ブウ(善)に交代する",2024-07-17 02:10:07,2024-07-17 02:10:07
151,PassiveSkill,4002222,"バトル中5回以上ダメージを受けると
次の攻撃参加ターンに魔人ブウ(善)に交代する",2024-07-17 02:10:07,2024-07-17 02:10:07
152,PassiveSkill,4002245,"バトル中5回以上ダメージを受けると
次の攻撃参加ターンに魔人ブウ(善)に交代する",2024-07-17 02:10:07,2024-07-17 02:10:07
153,PassiveSkill,4002246,"バトル中5回以上ダメージを受けると
次の攻撃参加ターンに魔人ブウ(善)に交代する",2024-07-17 02:10:07,2024-07-17 02:10:07
154,ActiveSkill,80,"攻撃参加ターンになると発動可能
(1回のみ)",2024-07-17 02:10:07,2024-07-17 02:10:07
155,ActiveSkill,81,"攻撃参加ターンになると発動可能
(1回のみ)",2024-07-17 02:10:07,2024-07-17 02:10:07
156,PassiveSkill,3002308,"バトル開始から4ターン目以降、
HP60%以下の時にトワとトキトキの卵を吸収する",2024-07-17 02:10:07,2024-07-17 02:10:07
157,PassiveSkill,3002309,"バトル開始から4ターン目以降、
HP60%以下の時にトワとトキトキの卵を吸収する",2024-07-17 02:10:07,2024-07-17 02:10:07
158,ActiveSkill,86,"バトル開始から4ターン目以降、
敵が1体の時に発動可能(1回のみ)",2024-07-17 02:10:07,2024-07-17 02:10:07
159,ActiveSkill,87,"バトル開始から4ターン目以降、
敵が1体の時に発動可能(1回のみ)",2024-07-17 02:10:07,2024-07-17 02:10:07
160,PassiveSkill,1000531,極稀に大猿化(1回のみ),2024-07-17 02:10:07,2024-07-17 02:10:07
161,PassiveSkill,1000532,極稀に大猿化(1回のみ),2024-07-17 02:10:07,2024-07-17 02:10:07
162,PassiveSkill,1000533,稀に大猿化(1回のみ),2024-07-17 02:10:07,2024-07-17 02:10:07
163,PassiveSkill,1000534,稀に大猿化(1回のみ),2024-07-17 02:10:07,2024-07-17 02:10:07
164,PassiveSkill,1000535,稀に大猿化(1回のみ),2024-07-17 02:10:07,2024-07-17 02:10:07
165,PassiveSkill,1000536,稀に大猿化(1回のみ),2024-07-17 02:10:07,2024-07-17 02:10:07
166,PassiveSkill,1000537,稀に大猿化(1回のみ),2024-07-17 02:10:07,2024-07-17 02:10:07
167,PassiveSkill,1000538,稀に大猿化(1回のみ),2024-07-17 02:10:07,2024-07-17 02:10:07
168,PassiveSkill,1000569,HP30%以下で激怒(1回のみ),2024-07-17 02:10:07,2024-07-17 02:10:07
169,PassiveSkill,1000570,HP30%以下で激怒(1回のみ),2024-07-17 02:10:07,2024-07-17 02:10:07
170,PassiveSkill,1000571,HP30%以下で激怒(1回のみ),2024-07-17 02:10:07,2024-07-17 02:10:07
171,PassiveSkill,1000579,ときどき大猿化(1回のみ),2024-07-17 02:10:07,2024-07-17 02:10:07
172,PassiveSkill,1000580,ときどき大猿化(1回のみ),2024-07-17 02:10:07,2024-07-17 02:10:07
173,PassiveSkill,1000581,ときどき大猿化(1回のみ),2024-07-17 02:10:07,2024-07-17 02:10:07
174,PassiveSkill,1000582,ときどき大猿化(1回のみ),2024-07-17 02:10:07,2024-07-17 02:10:07
175,PassiveSkill,1000583,ときどき大猿化(1回のみ),2024-07-17 02:10:07,2024-07-17 02:10:07
176,PassiveSkill,1000584,ときどき大猿化(1回のみ),2024-07-17 02:10:07,2024-07-17 02:10:07
177,PassiveSkill,1000585,ときどき大猿化(1回のみ),2024-07-17 02:10:07,2024-07-17 02:10:07
178,PassiveSkill,1000586,ときどき大猿化(1回のみ),2024-07-17 02:10:07,2024-07-17 02:10:07
179,PassiveSkill,1000587,ときどき大猿化(1回のみ),2024-07-17 02:10:07,2024-07-17 02:10:07
180,PassiveSkill,1000588,ときどき大猿化(1回のみ),2024-07-17 02:10:07,2024-07-17 02:10:07
181,PassiveSkill,1000606,稀に大猿化(1回のみ),2024-07-17 02:10:07,2024-07-17 02:10:07
182,PassiveSkill,1000607,稀に大猿化(1回のみ),2024-07-17 02:10:07,2024-07-17 02:10:07
183,PassiveSkill,1000608,稀に巨大化(1回のみ),2024-07-17 02:10:07,2024-07-17 02:10:07
184,PassiveSkill,1000609,稀に巨大化(1回のみ),2024-07-17 02:10:07,2024-07-17 02:10:07
185,PassiveSkill,1000657,稀に大猿化(1回のみ),2024-07-17 02:10:07,2024-07-17 02:10:07
186,PassiveSkill,1000658,稀に大猿化(1回のみ),2024-07-17 02:10:07,2024-07-17 02:10:07
187,PassiveSkill,1000786,ときどき大猿化(1回のみ),2024-07-17 02:10:07,2024-07-17 02:10:07
188,PassiveSkill,1000787,HP30%以上でときどき大猿化(1回のみ),2024-07-17 02:10:07,2024-07-17 02:10:07
189,PassiveSkill,1000922,HP30%以上でときどき大猿化(最大2回),2024-07-17 02:10:07,2024-07-17 02:10:07
190,PassiveSkill,1000928,ときどき大猿化(最大2回),2024-07-17 02:10:07,2024-07-17 02:10:07
191,PassiveSkill,1000929,ときどき大猿化(最大2回),2024-07-17 02:10:07,2024-07-17 02:10:07
192,PassiveSkill,1000930,ときどき大猿化(最大2回),2024-07-17 02:10:07,2024-07-17 02:10:07
193,PassiveSkill,1000993,ときどき大猿化(1回のみ),2024-07-17 02:10:07,2024-07-17 02:10:07
194,PassiveSkill,1000996,HP80％以下でときどき巨大化(1回のみ),2024-07-17 02:10:07,2024-07-17 02:10:07
195,PassiveSkill,1000997,HP80％以下でときどき巨大化(1回のみ),2024-07-17 02:10:07,2024-07-17 02:10:07
196,PassiveSkill,1001041,HP30%以下で激怒(1回のみ),2024-07-17 02:10:07,2024-07-17 02:10:07
197,PassiveSkill,1001042,HP30%以下で激怒(1回のみ),2024-07-17 02:10:07,2024-07-17 02:10:07
198,PassiveSkill,1001043,HP30%以下で激怒(1回のみ),2024-07-17 02:10:07,2024-07-17 02:10:07
199,PassiveSkill,1001044,HP30%以下で激怒(1回のみ),2024-07-17 02:10:07,2024-07-17 02:10:07
200,PassiveSkill,2000923,ときどき大猿化(最大2回),2024-07-17 02:10:07,2024-07-17 02:10:07
201,PassiveSkill,2001057,HP50%以下で幻魔人の封印が解ける(1回のみ),2024-07-17 02:10:07,2024-07-17 02:10:07
202,PassiveSkill,2001058,HP50%以下で幻魔人の封印が解ける(1回のみ),2024-07-17 02:10:07,2024-07-17 02:10:07
203,PassiveSkill,2001059,HP50%以下で幻魔人の封印が解ける(1回のみ),2024-07-17 02:10:07,2024-07-17 02:10:07
204,PassiveSkill,2001060,HP50%以下で幻魔人の封印が解ける(1回のみ),2024-07-17 02:10:07,2024-07-17 02:10:07
205,PassiveSkill,2001136,ときどき大猿化(最大2回),2024-07-17 02:10:07,2024-07-17 02:10:07
206,PassiveSkill,2001137,ときどき大猿化(最大2回),2024-07-17 02:10:07,2024-07-17 02:10:07
207,PassiveSkill,2001140,ときどき巨大化(1回のみ),2024-07-17 02:10:07,2024-07-17 02:10:07
208,PassiveSkill,2001141,ときどき巨大化(1回のみ),2024-07-17 02:10:07,2024-07-17 02:10:07
209,PassiveSkill,2001164,ときどき巨大化(最大2回),2024-07-17 02:10:07,2024-07-17 02:10:07
210,PassiveSkill,2001165,ときどき巨大化(最大2回),2024-07-17 02:10:07,2024-07-17 02:10:07
211,PassiveSkill,2001180,ときどき巨大化(最大2回),2024-07-17 02:10:07,2024-07-17 02:10:07
212,PassiveSkill,2001181,ときどき巨大化(最大2回),2024-07-17 02:10:07,2024-07-17 02:10:07
213,PassiveSkill,2001236,ときどき大猿化(1回のみ),2024-07-17 02:10:07,2024-07-17 02:10:07
214,PassiveSkill,2001237,ときどき大猿化(1回のみ),2024-07-17 02:10:07,2024-07-17 02:10:07
215,PassiveSkill,2001333,HP40%以下で激怒(最大2回),2024-07-17 02:10:07,2024-07-17 02:10:07
216,PassiveSkill,2001944,HP80%以下のとき低確率で巨大化(1回のみ),2024-07-17 02:10:07,2024-07-17 02:10:07
217,PassiveSkill,2001945,HP80%以下のとき低確率で巨大化(1回のみ),2024-07-17 02:10:07,2024-07-17 02:10:07
218,PassiveSkill,2002277,"バトル開始から4ターン目以降、
HP50%以下のとき大猿化する(1回のみ)",2024-07-17 02:10:07,2024-07-17 02:10:07
219,PassiveSkill,2002278,"バトル開始から4ターン目以降、
HP50%以下のとき大猿化する(1回のみ)",2024-07-17 02:10:07,2024-07-17 02:10:07
220,PassiveSkill,3001320,HP50%以下でコアが登場(1回のみ),2024-07-17 02:10:07,2024-07-17 02:10:07
221,PassiveSkill,3001321,HP50%以下でコアが登場(1回のみ),2024-07-17 02:10:07,2024-07-17 02:10:07
222,PassiveSkill,3001947,HP50%以下のとき高確率で大猿化(1回のみ),2024-07-17 02:10:07,2024-07-17 02:10:07
223,PassiveSkill,3001948,HP50%以下のとき高確率で大猿化(1回のみ),2024-07-17 02:10:07,2024-07-17 02:10:07
224,PassiveSkill,3002304,HP60%以下のとき高確率で巨大化(1回のみ),2024-07-17 02:10:07,2024-07-17 02:10:07
225,PassiveSkill,3002305,HP60%以下のとき高確率で巨大化(1回のみ),2024-07-17 02:10:07,2024-07-17 02:10:07
226,PassiveSkill,4001238,ときどき大猿化(最大2回),2024-07-17 02:10:07,2024-07-17 02:10:07
227,PassiveSkill,4001239,ときどき大猿化(最大2回),2024-07-17 02:10:07,2024-07-17 02:10:07
228,PassiveSkill,4001240,ときどき大猿化(最大2回),2024-07-17 02:10:07,2024-07-17 02:10:07
229,PassiveSkill,4001241,ときどき大猿化(最大2回),2024-07-17 02:10:07,2024-07-17 02:10:07
230,PassiveSkill,5001242,ときどき大猿化(最大2回),2024-07-17 02:10:07,2024-07-17 02:10:07
231,PassiveSkill,5001243,ときどき大猿化(最大2回),2024-07-17 02:10:07,2024-07-17 02:10:07
232,PassiveSkill,5002269,ときどき大猿化(1回のみ),2024-07-17 02:10:07,2024-07-17 02:10:07
233,PassiveSkill,5002270,ときどき大猿化(1回のみ),2024-07-17 02:10:07,2024-07-17 02:10:07
234,PassiveSkill,5002273,ときどき大猿化(1回のみ),2024-07-17 02:10:07,2024-07-17 02:10:07
235,PassiveSkill,5002274,ときどき大猿化(最大2回),2024-07-17 02:10:07,2024-07-17 02:10:07
236,PassiveSkill,5002297,ときどき大猿化(最大2回),2024-07-17 02:10:07,2024-07-17 02:10:07
237,PassiveSkill,5002298,ときどき大猿化(最大2回),2024-07-17 02:10:07,2024-07-17 02:10:07
238,PassiveSkill,6001449,HP40%以下のとき高確率で大猿化(1回のみ),2024-07-17 02:10:07,2024-07-17 02:10:07
239,PassiveSkill,6001450,HP40%以下のとき高確率で大猿化(1回のみ),2024-07-17 02:10:07,2024-07-17 02:10:07
240,ActiveSkill,19,"バトル開始から5ターン目以降
&HP50%以下のとき発動可能(1回のみ)",2024-07-17 02:10:07,2024-07-17 02:10:07
241,ActiveSkill,20,"バトル開始から5ターン目以降
&HP50%以下のとき発動可能(1回のみ)",2024-07-17 02:10:07,2024-07-17 02:10:07
242,ActiveSkill,41,"バトル開始から6ターン目以降、
HP66%以下のとき発動可能(1回のみ)",2024-07-17 02:10:07,2024-07-17 02:10:07
243,ActiveSkill,42,"バトル開始から6ターン目以降、
HP66%以下のとき発動可能(1回のみ)",2024-07-17 02:10:07,2024-07-17 02:10:07
244,ActiveSkill,89,バトル中自身が5回以上攻撃を受けると発動可能(1回のみ),2024-07-17 02:10:07,2024-07-17 02:10:07
245,ActiveSkill,90,バトル中自身が5回以上攻撃を受けると発動可能(1回のみ),2024-07-17 02:10:07,2024-07-17 02:10:07
246,PassiveSkill,1002375,HP50%以下のとき覚醒する,2024-07-17 02:10:07,2024-07-17 02:10:07
247,PassiveSkill,2410,攻撃参加ターンになると変身する,2024-07-17 02:10:07,2024-07-17 02:10:07
248,PassiveSkill,2411,攻撃参加ターンになると変身する,2024-07-17 02:10:07,2024-07-17 02:10:07
249,PassiveSkill,3002416,HP50%以下で幻魔人の封印が解ける(1回のみ),2024-07-17 02:10:07,2024-07-17 02:10:07
250,ActiveSkill,114,"バトル開始から4ターン目以降、
HP70%以上のとき発動可能(1回のみ)",2024-07-17 02:10:07,2024-07-17 02:10:07
251,ActiveSkill,115,"バトル開始から4ターン目以降、
HP70%以上のとき発動可能(1回のみ)",2024-07-17 02:10:07,2024-07-17 02:10:07
252,ActiveSkill,116,"バトル開始から6ターン目以降、
HP66%以上のとき発動可能(1回のみ)",2024-07-17 02:10:07,2024-07-17 02:10:07
253,ActiveSkill,117,"バトル開始から6ターン目以降、
HP66%以上のとき発動可能(1回のみ)",2024-07-17 02:10:07,2024-07-17 02:10:07
254,PassiveSkill,4002497,バトル開始から3ターン目以降変身する,2024-07-17 02:10:07,2024-07-17 02:10:07
255,PassiveSkill,4002498,次の攻撃参加ターンになるとさらに変身する,2024-07-17 02:10:07,2024-07-17 02:10:07
256,PassiveSkill,4002499,次の攻撃参加ターンになるとさらに変身する,2024-07-17 02:10:07,2024-07-17 02:10:07
257,PassiveSkill,4002500,次の攻撃参加ターンになるとさらに変身する,2024-07-17 02:10:07,2024-07-17 02:10:07
258,PassiveSkill,4002505,バトル開始から3ターン目以降変身する,2024-07-17 02:10:07,2024-07-17 02:10:07
259,PassiveSkill,4002506,次の攻撃参加ターンになるとさらに変身する,2024-07-17 02:10:07,2024-07-17 02:10:07
260,PassiveSkill,4002507,次の攻撃参加ターンになるとさらに変身する,2024-07-17 02:10:07,2024-07-17 02:10:07
261,PassiveSkill,4002508,次の攻撃参加ターンになるとさらに変身する,2024-07-17 02:10:07,2024-07-17 02:10:07
262,ActiveSkill,121,"バトル中自身が4回以上敵の攻撃を回避すると
発動可能(1回のみ)",2024-07-17 02:10:07,2024-07-17 02:10:07
263,ActiveSkill,122,"バトル中自身が4回以上敵の攻撃を回避すると
発動可能(1回のみ)",2024-07-17 02:10:07,2024-07-17 02:10:07
264,PassiveSkill,5002575,"バトル中必殺技を4回発動すると
次の攻撃参加ターンに戦闘服へ着替える",2024-07-17 02:10:07,2024-07-17 02:10:07
265,PassiveSkill,5002576,"バトル中必殺技を4回発動すると
次の攻撃参加ターンに戦闘服へ着替える",2024-07-17 02:10:07,2024-07-17 02:10:07
266,ActiveSkill,123,"バトル中自身が4回以上敵の攻撃を回避すると
発動可能(1回のみ)",2024-07-17 02:10:07,2024-07-17 02:10:07
267,ActiveSkill,124,"バトル中自身が4回以上敵の攻撃を回避すると
発動可能(1回のみ)",2024-07-17 02:10:07,2024-07-17 02:10:07
268,PassiveSkill,6002580,"攻撃参加ターン開始時に
HP29%以下の場合
攻撃参加中の自身を含む味方が
KOされても1度だけHPが70%回復し、
孫悟空に交代し復活する",2024-07-17 02:10:07,2024-07-17 02:10:07
269,PassiveSkill,6002581,"攻撃参加ターン開始時に
HP29%以下の場合
攻撃参加中の自身を含む味方が
KOされても1度だけHPが70%回復し、
孫悟空に交代し復活する",2024-07-17 02:10:07,2024-07-17 02:10:07
270,ActiveSkill,127,"バトル開始から6ターン目以降発動可能
(1回のみ)",2024-07-17 02:10:07,2024-07-17 02:10:07
271,ActiveSkill,128,"バトル開始から6ターン目以降発動可能
(1回のみ)",2024-07-17 02:10:07,2024-07-17 02:10:07
272,PassiveSkill,3002599,ときどき大猿化(最大2回),2024-07-17 02:10:07,2024-07-17 02:10:07
273,PassiveSkill,3002600,ときどき大猿化(最大2回),2024-07-17 02:10:07,2024-07-17 02:10:07
274,PassiveSkill,3002602,ときどき大猿化(最大2回),2024-07-17 02:10:07,2024-07-17 02:10:07
275,PassiveSkill,3002603,ときどき大猿化(最大2回),2024-07-17 02:10:07,2024-07-17 02:10:07
276,PassiveSkill,3002605,ときどき大猿化(最大2回),2024-07-17 02:10:07,2024-07-17 02:10:07
277,PassiveSkill,3002606,ときどき大猿化(最大2回),2024-07-17 02:10:07,2024-07-17 02:10:07
278,ActiveSkill,132,バトル中6回攻撃すると発動可能(1回のみ),2024-07-17 02:10:07,2024-07-17 02:10:07
279,ActiveSkill,135,バトル中6回攻撃すると発動可能(1回のみ),2024-07-17 02:10:07,2024-07-17 02:10:07
280,PassiveSkill,5002630,"バトル開始から4ターン目以降
&HP40%以上のとき40%の確率でセルを捕食し変身する",2024-07-17 02:10:07,2024-07-17 02:10:07
281,PassiveSkill,5002631,"バトル開始から4ターン目以降
&HP40%以上のとき40%の確率でセルを捕食し変身する",2024-07-17 02:10:07,2024-07-17 02:10:07
282,ActiveSkill,137,"バトル開始から3ターン目以降、
HP58%以下のとき発動可能(1回のみ)",2024-07-17 02:10:07,2024-07-17 02:10:07
283,ActiveSkill,138,"バトル開始から3ターン目以降、
HP58%以下のとき発動可能(1回のみ)",2024-07-17 02:10:07,2024-07-17 02:10:07
284,ActiveSkill,139,"バトル開始から4ターン目以降発動可能
(1回のみ)",2024-07-17 02:10:07,2024-07-17 02:10:07
285,ActiveSkill,140,"バトル開始から4ターン目以降発動可能
(1回のみ)",2024-07-17 02:10:07,2024-07-17 02:10:07
286,ActiveSkill,141,"バトル開始から4ターン目以降発動可能
(1回のみ)",2024-07-17 02:10:07,2024-07-17 02:10:07
287,ActiveSkill,142,"バトル開始から4ターン目以降発動可能
(1回のみ)",2024-07-17 02:10:07,2024-07-17 02:10:07
288,ActiveSkill,143,"バトル開始から3ターン目以降、
HP77%以下で発動可能(1回のみ)",2024-07-17 02:10:07,2024-07-17 02:10:07
289,ActiveSkill,144,"バトル開始から3ターン目以降、
HP77%以下で発動可能(1回のみ)",2024-07-17 02:10:07,2024-07-17 02:10:07
290,PassiveSkill,2743,"バトル開始から4ターン目以降
戦闘服を着替える",2024-07-17 02:10:07,2024-07-17 02:10:07
291,PassiveSkill,2744,"バトル開始から4ターン目以降
戦闘服を着替える",2024-07-17 02:10:07,2024-07-17 02:10:07
292,ActiveSkill,148,HP40%以下のとき発動可能(1回のみ),2024-07-17 02:10:07,2024-07-17 02:10:07
293,ActiveSkill,149,HP40%以下のとき発動可能(1回のみ),2024-07-17 02:10:07,2024-07-17 02:10:07
294,PassiveSkill,3002761,"バトル開始から4ターン目以降
戦闘服を着替える",2024-07-17 02:10:07,2024-07-17 02:10:07
295,PassiveSkill,3002762,"バトル開始から4ターン目以降
戦闘服を着替える",2024-07-17 02:10:07,2024-07-17 02:10:07
296,PassiveSkill,2002765,バトル開始から6ターン目以降&HP50%以下のときポタラで合体する,2024-07-17 02:10:07,2024-07-17 02:10:07
297,PassiveSkill,2002767,バトル開始から6ターン目以降&HP50%以下のときフュージョンする,2024-07-17 02:10:07,2024-07-17 02:10:07
298,ActiveSkill,152,"バトル開始から4ターン目以降、
HP70%以下のとき発動可能
(1回のみ)",2024-07-17 02:10:07,2024-07-17 02:10:07
299,ActiveSkill,153,"バトル開始から4ターン目以降、
HP70%以下のとき発動可能
(1回のみ)",2024-07-17 02:10:07,2024-07-17 02:10:07
300,PassiveSkill,3002769,"バトル開始から4ターン目以降
戦闘服を着替える",2024-07-17 02:10:07,2024-07-17 02:10:07
301,PassiveSkill,3002802,バトル開始から4ターン目以降&40%の確率で進化する,2024-07-17 02:10:07,2024-07-17 02:10:07
302,PassiveSkill,2811,HP60%以下のとき高確率で巨大化(1回のみ),2024-07-17 02:10:07,2024-07-17 02:10:07
303,PassiveSkill,2812,HP60%以下のとき高確率で巨大化(1回のみ),2024-07-17 02:10:07,2024-07-17 02:10:07
304,ActiveSkill,158,"バトル中自身が7回以上攻撃を受けると発動可能、
またはバトル開始から4ターン目以降、
HP50%以下のとき発動可能(1回のみ)",2024-07-17 02:10:07,2024-07-17 02:10:07
305,ActiveSkill,159,"バトル中自身が7回以上攻撃を受けると発動可能、
またはバトル開始から4ターン目以降、
HP50%以下のとき発動可能(1回のみ)",2024-07-17 02:10:07,2024-07-17 02:10:07
306,PassiveSkill,5002814,HP80%以下のとき30%の確率で、3ターン神精樹の実で強化する,2024-07-17 02:10:07,2024-07-17 02:10:07
307,ActiveSkill,163,"バトル中必殺技の発動が3回以上で発動可能
(1回のみ)",2024-07-17 02:10:07,2024-07-17 02:10:07
308,ActiveSkill,164,"バトル中必殺技の発動が3回以上で発動可能
(1回のみ)",2024-07-17 02:10:07,2024-07-17 02:10:07
309,ActiveSkill,165,"敵が1体で自身のHP50%以下のとき発動可能
(1回のみ)",2024-07-17 02:10:07,2024-07-17 02:10:07
310,ActiveSkill,166,"敵が1体で自身のHP50%以下のとき発動可能
(1回のみ)",2024-07-17 02:10:07,2024-07-17 02:10:07
311,PassiveSkill,9002844,バトル開始から3ターン目以降17号を吸収する,2024-07-17 02:10:07,2024-07-17 02:10:07
312,PassiveSkill,9002845,バトル開始から3ターン目以降17号を吸収する,2024-07-17 02:10:07,2024-07-17 02:10:07
313,PassiveSkill,8002846,次の攻撃参加ターンになると18号を吸収する,2024-07-17 02:10:07,2024-07-17 02:10:07
314,PassiveSkill,8002847,次の攻撃参加ターンになると18号を吸収する,2024-07-17 02:10:07,2024-07-17 02:10:07
315,ActiveSkill,170,"バトル開始から4ターン目以降発動可能
(1回のみ)",2024-07-17 02:10:07,2024-07-17 02:10:07
316,ActiveSkill,171,"バトル開始から4ターン目以降発動可能
(1回のみ)",2024-07-17 02:10:07,2024-07-17 02:10:07
317,ActiveSkill,174,"バトル中自身が6回以上敵の攻撃を回避すると
発動可能、
またはバトル開始から5ターン目以降、
HP59%以下で発動可能(1回のみ)",2024-07-17 02:10:07,2024-07-17 02:10:07
318,ActiveSkill,175,"バトル中自身が6回以上敵の攻撃を回避すると
発動可能、
またはバトル開始から5ターン目以降、
HP59%以下で発動可能(1回のみ)",2024-07-17 02:10:07,2024-07-17 02:10:07
319,PassiveSkill,9002923,HP50%以下のときミスター・ブウと合体する,2024-07-17 02:10:07,2024-07-17 02:10:07
321,PassiveSkill,2963,攻撃参加ターンになると変身する,2024-07-17 02:10:07,2024-07-17 02:10:07
322,PassiveSkill,4002948,"バトル開始から3ターン目以降
&HP77%以下のとき変身する",2024-07-17 02:10:07,2024-07-17 02:10:07
325,PassiveSkill,9002965,HP50%以下でコアが登場(1回のみ),2024-07-17 02:10:07,2024-07-17 02:10:07
326,PassiveSkill,8002975,"バトル中必殺技を3回発動し
自身が7回以上攻撃を受けると
次の攻撃参加ターンに奮起する",2024-07-17 02:10:07,2024-07-17 02:10:07
327,PassiveSkill,8002987,"バトル中必殺技を3回発動し
自身が7回以上攻撃を受けると
次の攻撃参加ターンに奮起する",2024-07-17 02:10:07,2024-07-17 02:10:07
328,ActiveSkill,189,"バトル開始から3ターン目以降、
チーム全員が極系のとき発動可能、
またはバトル開始から5ターン目以降、
バトル中自身が5回以上攻撃を受けると発動可能
(1回のみ)",2024-07-17 02:10:07,2024-07-17 02:10:07
329,ActiveSkill,190,"バトル開始から3ターン目以降、
チーム全員が極系のとき発動可能、
またはバトル開始から5ターン目以降、
バトル中自身が5回以上攻撃を受けると発動可能
(1回のみ)",2024-07-17 02:10:07,2024-07-17 02:10:07
330,PassiveSkill,8003052,"バトル開始から5ターン目以降
アムズ(第三形態)と融合する",2024-07-17 02:10:07,2024-07-17 02:10:07
331,PassiveSkill,6003059,HP50%以下で大猿化(1回のみ),2024-07-17 02:10:07,2024-07-17 02:10:07
332,ActiveSkill,209,"「純粋サイヤ人」または
「混血サイヤ人」カテゴリの
敵がいるとき発動可能、
またはバトル開始から5ターン目以降、
HP80%以下のとき発動可能(1回のみ)",2024-07-17 02:10:07,2024-07-17 02:10:07
333,ActiveSkill,210,"「純粋サイヤ人」または
「混血サイヤ人」カテゴリの
敵がいるとき発動可能、
またはバトル開始から5ターン目以降、
HP80%以下のとき発動可能(1回のみ)",2024-07-17 02:10:07,2024-07-17 02:10:07
334,ActiveSkill,211,"バトル開始から3ターン目以降、
攻撃参加中の味方全員が「超HERO」
カテゴリのとき発動可能、
またはバトル開始から6ターン目以降、
敵が1体のとき発動可能(1回のみ)",2024-07-17 02:10:07,2024-07-17 02:10:07
335,ActiveSkill,212,"バトル開始から3ターン目以降、
攻撃参加中の味方全員が「超HERO」
カテゴリのとき発動可能、
またはバトル開始から6ターン目以降、
敵が1体のとき発動可能(1回のみ)",2024-07-17 02:10:07,2024-07-17 02:10:07
336,PassiveSkill,5003111,バトル開始から4ターン目以降変身する,2024-07-17 02:10:07,2024-07-17 02:10:07
337,PassiveSkill,6003113,"バトル開始から4ターン目以降
フルパワー状態に変身する",2024-07-17 02:10:07,2024-07-17 02:10:07
338,PassiveSkill,18003117,HP40%以下のとき進化する,2024-07-17 02:10:07,2024-07-17 02:10:07
339,StandbySkill,3,"バトル開始から4ターン目以降発動可能
(1回のみ)",2024-07-17 02:10:07,2024-07-17 02:10:07
340,PassiveSkill,5003347,"バトル開始から5ターン目以降
&HP80~100%のとき
アルティメット孫悟飯を吸収する",2024-07-17 02:10:07,2024-07-17 02:10:07
341,PassiveSkill,6003347,"バトル開始から5ターン目以降
&HP50~79%のとき
超サイヤ人3ゴテンクスを吸収する",2024-07-17 02:10:07,2024-07-17 02:10:07
342,PassiveSkill,7003347,"バトル開始から5ターン目以降
&HP49%以下のときピッコロを吸収する",2024-07-17 02:10:07,2024-07-17 02:10:07
343,StandbySkill,6,"バトル開始から4ターン目以降発動可能
(1回のみ)",2024-07-17 02:10:07,2024-07-17 02:10:07
345,StandbySkill,9,"自身のHP50%以下で発動可能、
またはバトル開始から4ターン目以降、
バトル中自身が4回以上攻撃すると発動可能
(1回のみ)",2024-07-17 02:10:07,2024-07-17 02:10:07
346,StandbySkill,12,"自身のHP50%以下で発動可能、
またはバトル開始から4ターン目以降、
バトル中自身が4回以上攻撃すると発動可能
(1回のみ)",2024-07-17 02:10:07,2024-07-17 02:10:07
347,StandbySkill,14,"自身のHP50%以下で発動可能、
またはバトル開始から4ターン目以降、
バトル中自身が4回以上攻撃を受けると発動可能
(1回のみ)",2024-07-17 02:10:07,2024-07-17 02:10:07
348,StandbySkill,16,"自身のHP50%以下で発動可能、
またはバトル開始から4ターン目以降、
バトル中自身が4回以上攻撃を受けると発動可能
(1回のみ)",2024-07-17 02:10:07,2024-07-17 02:10:07
349,ActiveSkill,221,"バトル開始から5ターン目以降、
バトル中必殺技の発動が4回以上で
発動可能(1回のみ)",2024-07-17 02:10:07,2024-07-17 02:10:07
350,ActiveSkill,223,"バトル開始から5ターン目以降、
バトル中必殺技の発動が4回以上で
発動可能(1回のみ)",2024-07-17 02:10:07,2024-07-17 02:10:07
351,ActiveSkill,224,"バトル開始から5ターン目以降、
バトル中自身が6回以上攻撃を
受けると発動可能(1回のみ)",2024-07-17 02:10:07,2024-07-17 02:10:07
352,ActiveSkill,225,"バトル開始から5ターン目以降、
バトル中自身が6回以上攻撃を
受けると発動可能(1回のみ)",2024-07-17 02:10:07,2024-07-17 02:10:07
353,PassiveSkill,6003372,バトル開始から4ターン目以降変身する,2024-07-17 02:10:07,2024-07-17 02:10:07
354,PassiveSkill,6003374,バトル開始から4ターン目以降変身する,2024-07-17 02:10:07,2024-07-17 02:10:07
355,ActiveSkill,228,"バトル開始から5ターン目以降、
HP70%以下のとき発動可能(1回のみ)",2024-07-17 02:10:07,2024-07-17 02:10:07
356,ActiveSkill,229,"バトル開始から5ターン目以降、
HP70%以下のとき発動可能(1回のみ)",2024-07-17 02:10:07,2024-07-17 02:10:07
357,PassiveSkill,8003402,HP40%以下で激怒(1回のみ),2024-07-17 02:10:07,2024-07-17 02:10:07
358,ActiveSkill,230,"バトル開始から4ターン目以降、
名称に「カリフラ」を含むキャラが
チームにいるとき発動可能、
またはバトル中自身が必殺技を
6回以上発動で発動可能(1回のみ)",2024-07-17 02:10:07,2024-07-17 02:10:07
359,ActiveSkill,231,"バトル開始から4ターン目以降、
名称に「カリフラ」を含むキャラが
チームにいるとき発動可能、
またはバトル中自身が必殺技を
6回以上発動で発動可能(1回のみ)",2024-07-17 02:10:07,2024-07-17 02:10:07
360,PassiveSkill,4003406,"バトル開始から3ターン目以降
&HP77%以下のとき変身する",2024-07-17 02:10:07,2024-07-17 02:10:07
361,PassiveSkill,4003407,"バトル開始から3ターン目以降
&HP77%以下のとき変身する",2024-07-17 02:10:07,2024-07-17 02:10:07
362,PassiveSkill,1003408,HP50%以下のとき覚醒する,2024-07-17 02:10:07,2024-07-17 02:10:07
363,PassiveSkill,1003409,HP50%以下のとき覚醒する,2024-07-17 02:10:07,2024-07-17 02:10:07
364,PassiveSkill,3003404,バトル開始から4ターン目以降&40%の確率で進化する,2024-07-17 02:10:07,2024-07-17 02:10:07
365,PassiveSkill,3003405,バトル開始から4ターン目以降&40%の確率で進化する,2024-07-17 02:10:07,2024-07-17 02:10:07
366,ActiveSkill,226,"バトル開始から5ターン目以降
&HP50%以下のとき発動可能(1回のみ)",2024-07-17 02:10:07,2024-07-17 02:10:07
367,ActiveSkill,227,"バトル開始から5ターン目以降
&HP50%以下のとき発動可能(1回のみ)",2024-07-17 02:10:07,2024-07-17 02:10:07
368,PassiveSkill,2003423,バトル開始から6ターン目以降&HP50%以下のときポタラで合体する,2024-07-17 02:10:07,2024-07-17 02:10:07
369,PassiveSkill,2003424,バトル開始から6ターン目以降&HP50%以下のときポタラで合体する,2024-07-17 02:10:07,2024-07-17 02:10:07
370,PassiveSkill,6003425,バトル開始から4ターン目以降変身する,2024-07-17 02:10:07,2024-07-17 02:10:07
371,PassiveSkill,6003426,バトル開始から4ターン目以降変身する,2024-07-17 02:10:07,2024-07-17 02:10:07
372,PassiveSkill,2003387,バトル開始から6ターン目以降&HP50%以下のときフュージョンする,2024-07-17 02:10:07,2024-07-17 02:10:07
373,PassiveSkill,2003388,バトル開始から6ターン目以降&HP50%以下のときフュージョンする,2024-07-17 02:10:07,2024-07-17 02:10:07
374,PassiveSkill,5003389,バトル開始から4ターン目以降変身する,2024-07-17 02:10:07,2024-07-17 02:10:07
375,PassiveSkill,5003390,バトル開始から4ターン目以降変身する,2024-07-17 02:10:07,2024-07-17 02:10:07
376,PassiveSkill,6003391,バトル開始から4ターン目以降変身する,2024-07-17 02:10:07,2024-07-17 02:10:07
377,PassiveSkill,6003392,バトル開始から4ターン目以降変身する,2024-07-17 02:10:07,2024-07-17 02:10:07
378,StandbySkill,18,"自身の登場から6ターン目以降、
HP59%以下のとき発動可能
(1回のみ)",2024-07-17 02:10:07,2024-07-17 02:10:07
379,StandbySkill,20,"自身の登場から6ターン目以降、
HP59%以下のとき発動可能
(1回のみ)",2024-07-17 02:10:07,2024-07-17 02:10:07
380,PassiveSkill,14003449,バトル開始から4ターン目以降、HP60%以下のとき巨大化(1回のみ),2024-07-17 02:10:07,2024-07-17 02:10:07
381,PassiveSkill,14003450,バトル開始から4ターン目以降、HP60%以下のとき巨大化(1回のみ),2024-07-17 02:10:07,2024-07-17 02:10:07
382,ActiveSkill,240,"バトル開始から4ターン目以降、
HP70%以上の時に自身の他に
チームに「ナメック星人」カテゴリの
味方がいれば発動可能(1回のみ)",2024-07-17 02:10:07,2024-07-17 02:10:07
383,ActiveSkill,241,"バトル開始から4ターン目以降、
HP70%以上の時に自身の他に
チームに「ナメック星人」カテゴリの
味方がいれば発動可能(1回のみ)",2024-07-17 02:10:07,2024-07-17 02:10:07
384,PassiveSkill,5003481,"バトル開始から4ターン目以降
&HP40%以上のとき40%の確率でセルを捕食し変身する",2024-07-17 02:10:07,2024-07-17 02:10:07
385,PassiveSkill,5003482,"バトル開始から4ターン目以降
&HP40%以上のとき40%の確率でセルを捕食し変身する",2024-07-17 02:10:07,2024-07-17 02:10:07
386,PassiveSkill,5003494,ときどき大猿化(最大2回),2024-07-17 02:10:07,2024-07-17 02:10:07
387,StandbySkill,23,"バトル中自身が5回以上攻撃を受けると
発動可能(1回のみ)",2024-07-17 02:10:07,2024-07-17 02:10:07
388,StandbySkill,26,"バトル中自身が5回以上攻撃を受けると
発動可能(1回のみ)",2024-07-17 02:10:07,2024-07-17 02:10:07
389,FinishSkill,28,"チャージカウント30以上で発動可能
(1回のみ)",2024-07-17 02:10:07,2024-07-17 02:10:07
390,FinishSkill,31,"チャージカウント30以上で発動可能
(1回のみ)",2024-07-17 02:10:07,2024-07-17 02:10:07
391,ActiveSkill,245,"登場から5ターン目以降、
HP70%以下のとき発動可能、
または登場から7ターン目以降、
敵か自身を除く攻撃参加中の味方に
「未来編」カテゴリのキャラがいるとき
発動可能(1回のみ)",2024-07-17 02:10:07,2024-07-17 02:10:07
392,ActiveSkill,246,"登場から5ターン目以降、
HP70%以下のとき発動可能、
または登場から7ターン目以降、
敵か自身を除く攻撃参加中の味方に
「未来編」カテゴリのキャラがいるとき
発動可能(1回のみ)",2024-07-17 02:10:07,2024-07-17 02:10:07
393,ActiveSkill,249,"登場から5ターン目以降、
HP70%以下のとき発動可能、
または登場から7ターン目以降、
敵か自身を除く攻撃参加中の味方に
「未来編」カテゴリのキャラがいるとき
発動可能(1回のみ)",2024-07-17 02:10:07,2024-07-17 02:10:07
394,ActiveSkill,251,"登場から5ターン目以降、
HP70%以下のとき発動可能、
または登場から7ターン目以降、
敵か自身を除く攻撃参加中の味方に
「未来編」カテゴリのキャラがいるとき
発動可能(1回のみ)",2024-07-17 02:10:07,2024-07-17 02:10:07
395,PassiveSkill,5003535,"バトル開始から4ターン目以降、
HP50%以下のとき大猿化する(1回のみ)",2024-07-17 02:10:07,2024-07-17 02:10:07
396,PassiveSkill,5003536,"バトル開始から4ターン目以降、
HP50%以下のとき大猿化する(1回のみ)",2024-07-17 02:10:07,2024-07-17 02:10:07
397,PassiveSkill,7003546,"バトル中5回以上攻撃すると
次の攻撃参加ターン開始時に変身する、
またはバトル開始から5ターン目以降、
名称に「セル」(セルジュニア等を除く)
を含むキャラが敵にいるとき変身する",2024-07-17 02:10:07,2024-07-17 02:10:07
398,PassiveSkill,7003547,"バトル中5回以上攻撃すると
次の攻撃参加ターン開始時に変身する、
またはバトル開始から5ターン目以降、
名称に「セル」(セルジュニア等を除く)
を含むキャラが敵にいるとき変身する",2024-07-17 02:10:07,2024-07-17 02:10:07
399,PassiveSkill,5003560,バトル開始から3ターン目以降ポタラで合体する,2024-07-17 02:10:07,2024-07-17 02:10:07
400,StandbySkill,29,"自身の登場から5ターン目以降発動可能
(1回のみ)",2024-07-17 02:10:07,2024-07-17 02:10:07
401,StandbySkill,32,"自身の登場から5ターン目以降発動可能
(1回のみ)",2024-07-17 02:10:07,2024-07-17 02:10:07
402,PassiveSkill,7003578,"バトル開始から4ターン目以降、
HP58%以上の時に
名称に「トランクス」を含むキャラクター
(幼年期、GTを除く)がチームにいれば変身する",2024-07-17 02:10:07,2024-07-17 02:10:07
403,PassiveSkill,6003854,"バトル開始から4ターン目以降
&HP60%以上のとき変身する",2024-07-17 02:10:07,2024-07-17 02:10:07
404,PassiveSkill,5003858,バトル開始から3ターン目以降変身する,2024-07-17 02:10:07,2024-07-17 02:10:07
405,PassiveSkill,5003859,次の攻撃参加ターンになるとさらに変身する,2024-07-17 02:10:07,2024-07-17 02:10:07
406,PassiveSkill,5003860,次の攻撃参加ターンになるとさらに変身する,2024-07-17 02:10:07,2024-07-17 02:10:07
407,PassiveSkill,5003861,次の攻撃参加ターンになるとさらに変身する,2024-07-17 02:10:07,2024-07-17 02:10:07
408,PassiveSkill,9003863,HP40%以下のとき大猿化(1回のみ),2024-07-17 02:10:07,2024-07-17 02:10:07
409,PassiveSkill,4003556,バトル開始から3ターン目以降変身する,2024-07-17 02:10:07,2024-07-17 02:10:07
410,PassiveSkill,3876,攻撃参加ターンになると変身する,2024-07-17 02:10:07,2024-07-17 02:10:07
411,StandbySkill,35,"バトル開始から4ターン目以降発動可能
(1回のみ)",2024-07-17 02:10:07,2024-07-17 02:10:07
412,StandbySkill,38,"バトル開始から4ターン目以降発動可能
(1回のみ)",2024-07-17 02:10:07,2024-07-17 02:10:07
413,ActiveSkill,259,"自身の他に攻撃参加中の
「願いの力」カテゴリの味方がいるとき
HP66%以下で発動可能、
またはバトル開始から6ターン目以降発動可能
(1回のみ)",2024-07-17 02:10:07,2024-07-17 02:10:07
414,ActiveSkill,258,"自身の他に攻撃参加中の
「願いの力」カテゴリの味方がいるとき
HP66%以下で発動可能、
またはバトル開始から6ターン目以降発動可能
(1回のみ)",2024-07-17 02:10:07,2024-07-17 02:10:07
415,PassiveSkill,6003904,ときどき大猿化(1回のみ),2024-07-17 02:10:07,2024-07-17 02:10:07
416,PassiveSkill,7003905,低確率で大猿化(1回のみ),2024-07-17 02:10:07,2024-07-17 02:10:07
417,PassiveSkill,13003933,"バトル開始から4ターン目以降、
HP50%以下のときベジータと交代する",2024-07-17 02:10:07,2024-07-17 02:10:07
418,PassiveSkill,7003922,バトル開始から5ターン目以降変身する,2024-07-17 02:10:07,2024-07-17 02:10:07
419,PassiveSkill,7003923,バトル開始から5ターン目以降変身する,2024-07-17 02:10:07,2024-07-17 02:10:07
420,PassiveSkill,12003939,"自身の攻撃参加ターン開始時に
HP70%以下の場合、
またはバトル開始から7ターン目以降、
攻撃参加中の自身を含む味方がKOされても
1度だけHPが70%回復し、
孫悟飯(幼年期)に交代し復活する",2024-07-17 02:10:07,2024-07-17 02:10:07
421,PassiveSkill,12003940,"自身の攻撃参加ターン開始時に
HP70%以下の場合、
またはバトル開始から7ターン目以降、
攻撃参加中の自身を含む味方がKOされても
1度だけHPが70%回復し、
孫悟飯(幼年期)に交代し復活する",2024-07-17 02:10:07,2024-07-17 02:10:07
422,ActiveSkill,261,"バトル開始から5ターン目以降、
敵が1体のとき発動可能(1回のみ)",2024-07-17 02:10:07,2024-07-17 02:10:07
423,ActiveSkill,262,"バトル開始から5ターン目以降、
敵が1体のとき発動可能(1回のみ)",2024-07-17 02:10:07,2024-07-17 02:10:07
424,PassiveSkill,8003965,"バトル開始から5ターン目以降、
チームに自身の他に
「人造人間」カテゴリの味方が2体以上いれば
人造人間14号と15号のパーツを吸収し変身する",2024-07-17 02:10:07,2024-07-17 02:10:07
425,PassiveSkill,12003969,ときどき巨大化(1回のみ),2024-07-17 02:10:07,2024-07-17 02:10:07
426,PassiveSkill,14003970,低確率で巨大化(1回のみ),2024-07-17 02:10:07,2024-07-17 02:10:07
427,StandbySkill,40,"バトル開始から3ターン目以降、
HPが70%以下で発動可能、
またはバトル開始から6ターン目以降
発動可能(1回のみ)",2024-07-17 02:10:07,2024-07-17 02:10:07
428,StandbySkill,42,"バトル開始から3ターン目以降、
HPが70%以下で発動可能、
またはバトル開始から6ターン目以降
発動可能(1回のみ)",2024-07-17 02:10:07,2024-07-17 02:10:07
429,ActiveSkill,268,"バトル開始から3ターン目以降、
HP70%以下で発動可能、
またはバトル開始から6ターン目以降
発動可能(1回のみ)",2024-07-17 02:10:07,2024-07-17 02:10:07
430,ActiveSkill,269,"バトル開始から3ターン目以降、
HP70%以下で発動可能、
またはバトル開始から6ターン目以降
発動可能(1回のみ)",2024-07-17 02:10:07,2024-07-17 02:10:07
431,PassiveSkill,8003999,"バトル開始から5ターン目以降、
チームに自身の他に
「人造人間」カテゴリの味方が2体以上いれば
人造人間14号と15号のパーツを吸収し変身する",2024-07-17 02:10:07,2024-07-17 02:10:07
432,PassiveSkill,8004000,"バトル開始から5ターン目以降、
チームに自身の他に
「人造人間」カテゴリの味方が2体以上いれば
人造人間14号と15号のパーツを吸収し変身する",2024-07-17 02:10:07,2024-07-17 02:10:07
433,PassiveSkill,18004001,HP40%以下のとき進化する,2024-07-17 02:10:07,2024-07-17 02:10:07
434,PassiveSkill,18004002,HP40%以下のとき進化する,2024-07-17 02:10:07,2024-07-17 02:10:07
435,ActiveSkill,276,"バトル開始から5ターン目以降発動可能
(1回のみ)",2024-07-17 02:10:07,2024-07-17 02:10:07
436,ActiveSkill,290,"バトル開始から5ターン目以降発動可能
(1回のみ)",2024-07-17 02:10:07,2024-07-17 02:10:07
437,ActiveSkill,279,"バトル開始から4ターン目以降、
攻撃参加中の味方全員が
「超BOSS」カテゴリのとき発動可能、
またはバトル開始から6ターン目以降発動可能
(1回のみ)",2024-07-17 02:10:07,2024-07-17 02:10:07
438,ActiveSkill,281,"バトル開始から4ターン目以降、
攻撃参加中の味方全員が
「超BOSS」カテゴリのとき発動可能、
またはバトル開始から6ターン目以降発動可能
(1回のみ)",2024-07-17 02:10:07,2024-07-17 02:10:07
439,ActiveSkill,272,"登場から4ターン目以降
発動可能(1回のみ)",2024-07-17 02:10:07,2024-07-17 02:10:07
440,ActiveSkill,273,"登場から4ターン目以降
発動可能(1回のみ)",2024-07-17 02:10:07,2024-07-17 02:10:07
441,ActiveSkill,274,登場から5ターン目以降発動可能(1回のみ),2024-07-17 02:10:07,2024-07-17 02:10:07
442,ActiveSkill,284,登場から5ターン目以降発動可能(1回のみ),2024-07-17 02:10:07,2024-07-17 02:10:07
443,PassiveSkill,6004052,バトル開始から3ターン目以降変身する,2024-07-17 02:10:07,2024-07-17 02:10:07
444,PassiveSkill,7004053,次の攻撃参加ターン以降、変身する,2024-07-17 02:10:07,2024-07-17 02:10:07
445,StandbySkill,45,"自身のHP70%以下で発動可能、
またはバトル中自身が3回以上攻撃をすると
発動可能(1回のみ)",2024-07-17 02:10:07,2024-07-17 02:10:07
446,StandbySkill,48,"自身のHP70%以下で発動可能、
またはバトル中自身が3回以上攻撃をすると
発動可能(1回のみ)",2024-07-17 02:10:07,2024-07-17 02:10:07
447,FinishSkill,47,"チャージカウント1以上で発動可能
(1回のみ)",2024-07-17 02:10:07,2024-07-17 02:10:07
448,FinishSkill,52,"チャージカウント1以上で発動可能
(1回のみ)",2024-07-17 02:10:07,2024-07-17 02:10:07
449,PassiveSkill,6004066,バトル開始から3ターン目以降変身する,2024-07-17 02:10:07,2024-07-17 02:10:07
450,PassiveSkill,7004067,次の攻撃参加ターン以降、変身する,2024-07-17 02:10:07,2024-07-17 02:10:07
451,PassiveSkill,6004068,バトル開始から3ターン目以降変身する,2024-07-17 02:10:07,2024-07-17 02:10:07
452,PassiveSkill,7004069,次の攻撃参加ターン以降、変身する,2024-07-17 02:10:07,2024-07-17 02:10:07
453,ActiveSkill,293,"バトル開始から3ターン目以降、
HP18%以上のとき発動可能(1回のみ)",2024-07-17 02:10:07,2024-07-17 02:10:07
454,ActiveSkill,295,"バトル開始から3ターン目以降、
HP18%以上のとき発動可能(1回のみ)",2024-07-17 02:10:07,2024-07-17 02:10:07
455,ActiveSkill,296,"バトル開始から4ターン目以降、
自身の他に攻撃参加中の
「スペシャルポーズ」または「正義の味方」
カテゴリの味方がいるとき発動可能、
またはバトル開始から6ターン目以降
発動可能(1回のみ)",2024-07-17 02:10:07,2024-07-17 02:10:07
456,ActiveSkill,297,"バトル開始から4ターン目以降、
自身の他に攻撃参加中の
「スペシャルポーズ」または「正義の味方」
カテゴリの味方がいるとき発動可能、
またはバトル開始から6ターン目以降
発動可能(1回のみ)",2024-07-17 02:10:07,2024-07-17 02:10:07
457,PassiveSkill,7004109,バトル開始から3ターン目以降変身する,2024-07-17 02:10:07,2024-07-17 02:10:07
458,PassiveSkill,14004118,低確率で巨大化(最大2回),2024-07-17 02:10:07,2024-07-17 02:10:07
459,PassiveSkill,7004143,"バトル開始から3ターン目以降
魔人ブウ(純粋悪)に交代する",2024-07-17 02:10:07,2024-07-17 02:10:07
460,ActiveSkill,313,"バトル開始から4ターン目以降、
HP50%以上で発動可能(1回のみ)",2024-07-17 02:10:07,2024-07-17 02:10:07
461,ActiveSkill,314,"バトル開始から4ターン目以降、
HP50%以上で発動可能(1回のみ)",2024-07-17 02:10:07,2024-07-17 02:10:07
462,ActiveSkill,315,登場から5ターン目以降発動可能(1回のみ),2024-07-17 02:10:07,2024-07-17 02:10:07
463,ActiveSkill,316,登場から5ターン目以降発動可能(1回のみ),2024-07-17 02:10:07,2024-07-17 02:10:07
464,StandbySkill,51,"自身の登場から3ターン目以降発動可能
(1回のみ)",2024-07-17 02:10:07,2024-07-17 02:10:07
465,StandbySkill,54,"自身の登場から3ターン目以降発動可能
(1回のみ)",2024-07-17 02:10:07,2024-07-17 02:10:07
466,FinishSkill,60,"チャージカウント25以上で発動可能
(1回のみ)",2024-07-17 02:10:07,2024-07-17 02:10:07
467,FinishSkill,63,"チャージカウント25以上で発動可能
(1回のみ)",2024-07-17 02:10:07,2024-07-17 02:10:07
